"ID","firstName","lastName","userName","email","password","phoneNumber","bankAccountNum"
0,Olivia,Murphy,Oli0,Olivia.Murphy@gmail.com,asdf,34961633,422866435,
1,Oscar,Smith,Osc1,Oscar.Smith@gmail.com,asdf,31525657,105985192,
2,Sophie,Lopez,Sop2,Sophie.Lopez@gmail.com,asdf,45101511,381680102,
3,Oliver,Brown,Oli3,Oliver.Brown@gmail.com,asdf,43572081,574202175,
4,Charlie,Reed,Cha4,Charlie.Reed@gmail.com,asdf,70429769,129650990,
5,Oscar,Reed,Osc5,Oscar.Reed@gmail.com,asdf,4736728,220434619,
6,Olivia,Moore,Oli6,Olivia.Moore@gmail.com,asdf,72602823,186620208,
7,Emily,Wilson,Emi7,Emily.Wilson@gmail.com,asdf,44202186,532130278,
8,Jacob,Cook,Jac8,Jacob.Cook@gmail.com,asdf,39043881,199923256,
9,Bob,Smith,Bob9,Bob.Smith@gmail.com,asdf,21504492,255113369,
10,Emily,Brown,Emi10,Emily.Brown@gmail.com,asdf,61562722,62524098,
11,Stacy,Cook,Sta11,Stacy.Cook@gmail.com,asdf,35478545,777491407,
12,Emily,Davis,Emi12,Emily.Davis@gmail.com,asdf,84599168,798152174,
13,Jack,Taylor,Jac13,Jack.Taylor@gmail.com,asdf,30575380,130256957,
14,William,Murphy,Wil14,William.Murphy@gmail.com,asdf,33570214,468377848,
15,Emily,Davis,Emi15,Emily.Davis@gmail.com,asdf,76237228,486276591,
16,Jack,Cook,Jac16,Jack.Cook@gmail.com,asdf,86930463,170049801,
17,William,Reed,Wil17,William.Reed@gmail.com,asdf,6099255,645181608,
18,George,Smith,Geo18,George.Smith@gmail.com,asdf,82969735,250861099,
19,Charlie,Davis,Cha19,Charlie.Davis@gmail.com,asdf,32391468,48062393,
20,Oliver,Johnson,Oli20,Oliver.Johnson@gmail.com,asdf,10716506,314042908,
21,Isla,Miller,Isl21,Isla.Miller@gmail.com,asdf,22494300,559374319,
22,Harry,Smith,Har22,Harry.Smith@gmail.com,asdf,22497581,602829679,
23,Harry,Williams,Har23,Harry.Williams@gmail.com,asdf,53119851,76504339,
24,Jacob,Murphy,Jac24,Jacob.Murphy@gmail.com,asdf,73017321,354832044,
25,Jacob,Moore,Jac25,Jacob.Moore@gmail.com,asdf,22473066,455619299,
26,Stacy,Brown,Sta26,Stacy.Brown@gmail.com,asdf,47716354,262601420,
27,Emily,Brown,Emi27,Emily.Brown@gmail.com,asdf,13125781,44583620,
28,Charlie,Murphy,Cha28,Charlie.Murphy@gmail.com,asdf,63741698,755727142,
29,Olivia,Murphy,Oli29,Olivia.Murphy@gmail.com,asdf,47792426,584368313,
30,Charlie,Reed,Cha30,Charlie.Reed@gmail.com,asdf,62890998,594135974,
31,Oliver,Anderson,Oli31,Oliver.Anderson@gmail.com,asdf,7066448,444314089,
32,Olivia,Murphy,Oli32,Olivia.Murphy@gmail.com,asdf,9100721,700275004,
33,Jacob,Murphy,Jac33,Jacob.Murphy@gmail.com,asdf,68501081,640110387,
34,James,Hill,Jam34,James.Hill@gmail.com,asdf,62458055,802334910,
35,James,Wilson,Jam35,James.Wilson@gmail.com,asdf,66282007,717526857,
36,Isla,Smith,Isl36,Isla.Smith@gmail.com,asdf,19732823,241487728,
37,Oscar,Williams,Osc37,Oscar.Williams@gmail.com,asdf,10736327,400002607,
38,Charlie,Morgan,Cha38,Charlie.Morgan@gmail.com,asdf,19370346,27545511,
39,Oliver,Smith,Oli39,Oliver.Smith@gmail.com,asdf,9013102,892674770,
40,William,Taylor,Wil40,William.Taylor@gmail.com,asdf,1292842,8142579,
41,George,Jones,Geo41,George.Jones@gmail.com,asdf,10039623,628178561,
42,George,Murphy,Geo42,George.Murphy@gmail.com,asdf,63167270,169031418,
43,Harry,Jones,Har43,Harry.Jones@gmail.com,asdf,8959229,812703599,
44,Jack,Reed,Jac44,Jack.Reed@gmail.com,asdf,31431800,622297281,
45,Jack,Davis,Jac45,Jack.Davis@gmail.com,asdf,12366624,750914470,
46,Jacob,Reed,Jac46,Jacob.Reed@gmail.com,asdf,23796546,237898792,
47,James,Taylor,Jam47,James.Taylor@gmail.com,asdf,40862379,394585358,
48,Isla,Smith,Isl48,Isla.Smith@gmail.com,asdf,51764098,746444633,
49,Olivia,Moore,Oli49,Olivia.Moore@gmail.com,asdf,74967328,199611842,
50,Olivia,Morgan,Oli50,Olivia.Morgan@gmail.com,asdf,77895590,609689682,
51,Jack,Jones,Jac51,Jack.Jones@gmail.com,asdf,47128684,71874616,
52,Harry,Taylor,Har52,Harry.Taylor@gmail.com,asdf,65524825,807520149,
53,Poppy,Wilson,Pop53,Poppy.Wilson@gmail.com,asdf,52896156,23373279,
54,Emily,Reed,Emi54,Emily.Reed@gmail.com,asdf,5775593,308495407,
55,George,Smith,Geo55,George.Smith@gmail.com,asdf,56285279,314994242,
56,James,Miller,Jam56,James.Miller@gmail.com,asdf,56278765,13812432,
57,Bob,Cook,Bob57,Bob.Cook@gmail.com,asdf,73795809,704967933,
58,Emily,Reed,Emi58,Emily.Reed@gmail.com,asdf,73053711,333309161,
59,Isla,Cook,Isl59,Isla.Cook@gmail.com,asdf,20261018,65547874,
60,Isla,Davis,Isl60,Isla.Davis@gmail.com,asdf,30608030,457521762,
61,Stacy,Williams,Sta61,Stacy.Williams@gmail.com,asdf,77040231,668271370,
62,Oscar,Williams,Osc62,Oscar.Williams@gmail.com,asdf,6866483,496112036,
63,Olivia,Jones,Oli63,Olivia.Jones@gmail.com,asdf,10520406,45473788,
64,Sophie,Moore,Sop64,Sophie.Moore@gmail.com,asdf,65973602,437443489,
65,Bob,Lopez,Bob65,Bob.Lopez@gmail.com,asdf,33976160,569506855,
66,Emily,Brown,Emi66,Emily.Brown@gmail.com,asdf,23191590,106305181,
67,Isla,Cook,Isl67,Isla.Cook@gmail.com,asdf,52171952,495245019,
68,George,Cook,Geo68,George.Cook@gmail.com,asdf,64637153,722385686,
69,James,Jones,Jam69,James.Jones@gmail.com,asdf,44267620,86197156,
70,Sophie,Smith,Sop70,Sophie.Smith@gmail.com,asdf,10395838,550805,
71,Harry,Lopez,Har71,Harry.Lopez@gmail.com,asdf,62171467,633069937,
72,Olivia,Hill,Oli72,Olivia.Hill@gmail.com,asdf,35383789,213351680,
73,Jacob,Murphy,Jac73,Jacob.Murphy@gmail.com,asdf,48449065,506897642,
74,Olivia,Davis,Oli74,Olivia.Davis@gmail.com,asdf,6013390,581539052,
75,Poppy,Morgan,Pop75,Poppy.Morgan@gmail.com,asdf,42410319,156794041,
76,Jack,Wilson,Jac76,Jack.Wilson@gmail.com,asdf,71829668,322327280,
77,Jack,Williams,Jac77,Jack.Williams@gmail.com,asdf,3479750,671147812,
78,Jack,Morgan,Jac78,Jack.Morgan@gmail.com,asdf,29942090,365263296,
79,Thomas,Lopez,Tho79,Thomas.Lopez@gmail.com,asdf,54246536,647098760,
80,Stacy,Johnson,Sta80,Stacy.Johnson@gmail.com,asdf,8292628,779118254,
81,Isla,Anderson,Isl81,Isla.Anderson@gmail.com,asdf,59123156,798811800,
82,Jacob,Smith,Jac82,Jacob.Smith@gmail.com,asdf,68770490,208029898,
83,Sophie,Brown,Sop83,Sophie.Brown@gmail.com,asdf,43042315,116145297,
84,Oliver,Williams,Oli84,Oliver.Williams@gmail.com,asdf,58812808,568824515,
85,Stacy,Taylor,Sta85,Stacy.Taylor@gmail.com,asdf,67468555,175939136,
86,Olivia,Cook,Oli86,Olivia.Cook@gmail.com,asdf,82066696,849825003,
87,Jack,Murphy,Jac87,Jack.Murphy@gmail.com,asdf,41176734,376149800,
88,Oliver,Brown,Oli88,Oliver.Brown@gmail.com,asdf,14437029,390794443,
89,William,Miller,Wil89,William.Miller@gmail.com,asdf,42156784,715072617,
90,Jacob,Cook,Jac90,Jacob.Cook@gmail.com,asdf,39560790,149199688,
91,George,Davis,Geo91,George.Davis@gmail.com,asdf,85618142,347666549,
92,Jack,Reed,Jac92,Jack.Reed@gmail.com,asdf,64823174,77285877,
93,William,Moore,Wil93,William.Moore@gmail.com,asdf,13327408,528487187,
94,Stacy,Smith,Sta94,Stacy.Smith@gmail.com,asdf,72624938,518254808,
95,Stacy,Brown,Sta95,Stacy.Brown@gmail.com,asdf,83061080,347406489,
96,Oliver,Johnson,Oli96,Oliver.Johnson@gmail.com,asdf,27570432,783433898,
97,Harry,Taylor,Har97,Harry.Taylor@gmail.com,asdf,50206258,659109680,
98,Harry,Jones,Har98,Harry.Jones@gmail.com,asdf,29172447,507062482,
99,Bob,Taylor,Bob99,Bob.Taylor@gmail.com,asdf,16864021,240579331,
